"Element_Portion","Element","ID","Specimen_No","i.Element_Portion","Immature","Site","Taxon","Anatomy","Proximal Fusion","Distal Fusion"
11,"Tib_dist","Barcin Bone 19",NA,NA,0,"Barcin","Bos taurus Linnaeus, 1758","tibia","","Distal epiphysis fused"
11,"Tib_dist","Barcin Bone 20",NA,NA,0,"Barcin","Bos taurus Linnaeus, 1758","tibia","","Distal epiphysis fused"
7,"PH1","Barcin Bone 23",NA,NA,1,"Barcin","Bos taurus Linnaeus, 1758","proximal phalanx","",""
7,"PH1","Barcin Bone 24",NA,NA,1,"Barcin","Bos taurus Linnaeus, 1758","proximal phalanx","",""
14,"Hum","Barcin Bone 31",NA,NA,1,"Barcin","Bos taurus Linnaeus, 1758","humerus","","Distal epiphysis fused"
9,"Rad_dist","Barcin Bone 32",NA,NA,1,"Barcin","Bos taurus Linnaeus, 1758","radius bone","","Distal epiphysis unfused"
16,"Sca","Barcin Bone 33",NA,NA,1,"Barcin","Bos taurus Linnaeus, 1758","scapula","","Distal epiphysis unfused"
15,"Pel","Barcin Bone 34",NA,NA,1,"Barcin","Bos taurus Linnaeus, 1758","innominate bone","",""
8,"PH2","Barcin Bone 35",44,8,0,"Barcin","Bos taurus Linnaeus, 1758","middle phalanx","Proximal epiphysis fused",""
15,"Pel","Barcin Bone 71",NA,NA,1,"Barcin","Bos taurus Linnaeus, 1758","innominate bone","",""
16,"Sca","Barcin Bone 72",NA,NA,1,"Barcin","Bos taurus Linnaeus, 1758","scapula","",""
12,"Fem_dist","Barcin Bone 88",NA,NA,0,"Barcin","Bos taurus Linnaeus, 1758","femur","","Distal epiphysis fusing"
8,"PH2","Barcin Bone 90",66,8,1,"Barcin","Bos taurus Linnaeus, 1758","middle phalanx","Proximal epiphysis unfused",""
7,"PH1","Barcin Bone 106",2,7,1,"Barcin","Bos taurus Linnaeus, 1758","proximal phalanx","Proximal epiphysis unfused",""
14,"Hum","Barcin Bone 138",NA,NA,0,"Barcin","Bos taurus Linnaeus, 1758","humerus","Proximal epiphysis fusing",""
16,"Sca","Barcin Bone 139",NA,NA,1,"Barcin","Bos taurus Linnaeus, 1758","scapula","",""
12,"Fem_dist","Barcin Bone 140",NA,NA,0,"Barcin","Bos taurus Linnaeus, 1758","femur","","Distal epiphysis fused"
6,"Mtt_prox","Barcin Bone 142",NA,NA,1,"Barcin","Bos taurus Linnaeus, 1758","metatarsal bone of digit 5; metatarsal bone of digit 2; fused metatarsal bones 3 and 4","",""
6,"Mtt_prox","Barcin Bone 143",NA,NA,1,"Barcin","Bos taurus Linnaeus, 1758","metatarsal bone of digit 5; metatarsal bone of digit 2; fused metatarsal bones 3 and 4","",""
2,"Cal","Barcin Bone 145",NA,NA,1,"Barcin","Bos taurus Linnaeus, 1758","calcaneus","Proximal epiphysis unfused",""
15,"Pel","Barcin Bone 146",NA,NA,1,"Barcin","Bos taurus Linnaeus, 1758","innominate bone","",""
6,"Mtt_prox","Barcin Bone 166",9,6,1,"Barcin","Bos taurus Linnaeus, 1758","metatarsal bone of digit 5; metatarsal bone of digit 2; fused metatarsal bones 3 and 4","","Distal epiphysis unfused"
13,"Fem_prox","Barcin Bone 168",NA,NA,1,"Barcin","Bos taurus Linnaeus, 1758","femur","",""
11,"Tib_dist","Barcin Bone 203",NA,NA,1,"Barcin","Bos taurus Linnaeus, 1758","tibia","",""
6,"Mtt_prox","Barcin Bone 210",NA,NA,1,"Barcin","Bos taurus Linnaeus, 1758","metatarsal bone of digit 5; metatarsal bone of digit 2; fused metatarsal bones 3 and 4","",""
8,"PH2","Barcin Bone 217",16,8,0,"Barcin","Bos taurus Linnaeus, 1758","middle phalanx","Proximal epiphysis fused",""
11,"Tib_dist","Barcin Bone 245",23,11,1,"Barcin","Bos taurus Linnaeus, 1758","tibia","","Distal epiphysis unfused"
1,"Ast","Barcin Bone 246",NA,NA,1,"Barcin","Bos taurus Linnaeus, 1758","talus","",""
1,"Ast","Barcin Bone 276",NA,NA,1,"Barcin","Bos taurus Linnaeus, 1758","talus","",""
14,"Hum","Barcin Bone 277",NA,NA,1,"Barcin","Bos taurus Linnaeus, 1758","humerus","","Distal epiphysis fused"
15,"Pel","Barcin Bone 278",NA,NA,1,"Barcin","Bos taurus Linnaeus, 1758","innominate bone","",""
3,"Mtc_dist","Barcin Bone 282",NA,NA,0,"Barcin","Bos taurus Linnaeus, 1758","fused metacarpal bones 3 and 4; metacarpal bone of digit 3; metacarpal bone of digit 4; metacarpal bone of digit 5","","Distal epiphysis fused"
1,"Ast","Barcin Bone 283",NA,NA,1,"Barcin","Bos taurus Linnaeus, 1758","talus","",""
1,"Ast","Barcin Bone 284",27,1,1,"Barcin","Bos taurus Linnaeus, 1758","talus","",""
1,"Ast","Barcin Bone 292",NA,NA,1,"Barcin","Bos taurus Linnaeus, 1758","talus","",""
10,"Rad_prox","Barcin Bone 300",NA,NA,1,"Barcin","Bos taurus Linnaeus, 1758","radius bone","Proximal epiphysis fused",""
16,"Sca","Barcin Bone 303",NA,NA,1,"Barcin","Bos taurus Linnaeus, 1758","scapula","",""
6,"Mtt_prox","Barcin Bone 306",NA,NA,1,"Barcin","Bos taurus Linnaeus, 1758","metatarsal bone of digit 5; metatarsal bone of digit 2; fused metatarsal bones 3 and 4","",""
2,"Cal","Barcin Bone 307",NA,NA,0,"Barcin","Bos taurus Linnaeus, 1758","calcaneus","Proximal epiphysis fused",""
2,"Cal","Barcin Bone 308",NA,NA,1,"Barcin","Bos taurus Linnaeus, 1758","calcaneus","Proximal epiphysis unfused",""
1,"Ast","Barcin Bone 309",32,1,1,"Barcin","Bos taurus Linnaeus, 1758","talus","",""
8,"PH2","Barcin Bone 310",33,8,0,"Barcin","Bos taurus Linnaeus, 1758","middle phalanx","Proximal epiphysis fused",""
8,"PH2","Barcin Bone 311",35,8,1,"Barcin","Bos taurus Linnaeus, 1758","middle phalanx","Proximal epiphysis unfused",""
18,"Uln","Barcin Bone 336",NA,NA,1,"Barcin","Bos taurus Linnaeus, 1758","ulna","",""
15,"Pel","Barcin Bone 337",NA,NA,1,"Barcin","Bos taurus Linnaeus, 1758","innominate bone","",""
15,"Pel","Barcin Bone 338",NA,NA,1,"Barcin","Bos taurus Linnaeus, 1758","innominate bone","",""
2,"Cal","Barcin Bone 339",NA,NA,0,"Barcin","Bos taurus Linnaeus, 1758","calcaneus","Proximal epiphysis fused",""
11,"Tib_dist","Barcin Bone 355",NA,NA,1,"Barcin","Bos taurus Linnaeus, 1758","tibia","","Distal epiphysis unfused"
7,"PH1","Barcin Bone 358",NA,NA,1,"Barcin","Bos taurus Linnaeus, 1758","proximal phalanx","Proximal epiphysis unfused",""
8,"PH2","Barcin Bone 394",NA,NA,1,"Barcin","Bos taurus Linnaeus, 1758","middle phalanx","",""
16,"Sca","Barcin Bone 395",NA,NA,1,"Barcin","Bos taurus Linnaeus, 1758","scapula","",""
15,"Pel","Barcin Bone 419",NA,NA,1,"Barcin","Bos taurus Linnaeus, 1758","innominate bone","",""
6,"Mtt_prox","Barcin Bone 427",NA,NA,1,"Barcin","Bos taurus Linnaeus, 1758","metatarsal bone of digit 5; metatarsal bone of digit 2; fused metatarsal bones 3 and 4","",""
2,"Cal","Barcin Bone 429",NA,NA,1,"Barcin","Bos taurus Linnaeus, 1758","calcaneus","",""
7,"PH1","Barcin Bone 431",53,7,0,"Barcin","Bos taurus Linnaeus, 1758","proximal phalanx","Proximal epiphysis fused",""
8,"PH2","Barcin Bone 432",54,8,0,"Barcin","Bos taurus Linnaeus, 1758","middle phalanx","Proximal epiphysis fused",""
8,"PH2","Barcin Bone 433",55,8,0,"Barcin","Bos taurus Linnaeus, 1758","middle phalanx","Proximal epiphysis fused",""
8,"PH2","Barcin Bone 434",NA,NA,0,"Barcin","Bos taurus Linnaeus, 1758","middle phalanx","Proximal epiphysis fused",""
8,"PH2","Barcin Bone 435",NA,NA,0,"Barcin","Bos taurus Linnaeus, 1758","middle phalanx","Proximal epiphysis fused",""
10,"Rad_prox","Barcin Bone 440",NA,NA,1,"Barcin","Bos taurus Linnaeus, 1758","radius bone","",""
13,"Fem_prox","Barcin Bone 441",NA,NA,1,"Barcin","Bos taurus Linnaeus, 1758","femur","",""
14,"Hum","Barcin Bone 442",NA,NA,1,"Barcin","Bos taurus Linnaeus, 1758","humerus","","Distal epiphysis fused"
7,"PH1","Barcin Bone 448",NA,NA,1,"Barcin","Bos taurus Linnaeus, 1758","proximal phalanx","",""
7,"PH1","Barcin Bone 449",56,7,1,"Barcin","Bos taurus Linnaeus, 1758","proximal phalanx","Proximal epiphysis unfused",""
7,"PH1","Barcin Bone 450",NA,NA,1,"Barcin","Bos taurus Linnaeus, 1758","proximal phalanx","Proximal epiphysis unfused",""
8,"PH2","Barcin Bone 451",NA,NA,1,"Barcin","Bos taurus Linnaeus, 1758","middle phalanx","Proximal epiphysis unfused",""
4,"Mtc_prox","Barcin Bone 452",NA,NA,1,"Barcin","Bos taurus Linnaeus, 1758","fused metacarpal bones 3 and 4; metacarpal bone of digit 3; metacarpal bone of digit 4; metacarpal bone of digit 5","",""
14,"Hum","Barcin Bone 539",NA,NA,1,"Barcin","Bos taurus Linnaeus, 1758","humerus","","Distal epiphysis unfused"
14,"Hum","Barcin Bone 540",NA,NA,1,"Barcin","Bos taurus Linnaeus, 1758","humerus","",""
10,"Rad_prox","Barcin Bone 541",57,10,1,"Barcin","Bos taurus Linnaeus, 1758","radius bone","",""
9,"Rad_dist","Barcin Bone 542",58,9,1,"Barcin","Bos taurus Linnaeus, 1758","radius bone","","Distal epiphysis unfused"
18,"Uln","Barcin Bone 543",NA,NA,1,"Barcin","Bos taurus Linnaeus, 1758","ulna","",""
18,"Uln","Barcin Bone 544",NA,NA,1,"Barcin","Bos taurus Linnaeus, 1758","ulna","",""
18,"Uln","Barcin Bone 545",NA,NA,1,"Barcin","Bos taurus Linnaeus, 1758","ulna","",""
11,"Tib_dist","Barcin Bone 546",NA,NA,1,"Barcin","Bos taurus Linnaeus, 1758","tibia","",""
11,"Tib_dist","Barcin Bone 547",NA,NA,1,"Barcin","Bos taurus Linnaeus, 1758","tibia","",""
11,"Tib_dist","Barcin Bone 548",NA,NA,1,"Barcin","Bos taurus Linnaeus, 1758","tibia","",""
11,"Tib_dist","Barcin Bone 549",NA,NA,1,"Barcin","Bos taurus Linnaeus, 1758","tibia","","Distal epiphysis unfused"
11,"Tib_dist","Barcin Bone 550",NA,NA,1,"Barcin","Bos taurus Linnaeus, 1758","tibia","","Distal epiphysis unfused"
3,"Mtc_dist","Barcin Bone 552",NA,NA,1,"Barcin","Bos taurus Linnaeus, 1758","fused metacarpal bones 3 and 4; metacarpal bone of digit 3; metacarpal bone of digit 4; metacarpal bone of digit 5","","Distal epiphysis unfused"
7,"PH1","Barcin Bone 557",NA,NA,1,"Barcin","Bos taurus Linnaeus, 1758","proximal phalanx","Proximal epiphysis unfused",""
7,"PH1","Barcin Bone 558",59,7,1,"Barcin","Bos taurus Linnaeus, 1758","proximal phalanx","Proximal epiphysis unfused",""
7,"PH1","Barcin Bone 559",60,7,1,"Barcin","Bos taurus Linnaeus, 1758","proximal phalanx","Proximal epiphysis unfused",""
8,"PH2","Barcin Bone 560",NA,NA,0,"Barcin","Bos taurus Linnaeus, 1758","middle phalanx","Proximal epiphysis fused",""
3,"Mtc_dist","Barcin Bone 564",NA,NA,0,"Barcin","Bos taurus Linnaeus, 1758","fused metacarpal bones 3 and 4; metacarpal bone of digit 3; metacarpal bone of digit 4; metacarpal bone of digit 5","","Distal epiphysis fused"
15,"Pel","Barcin Bone 581",NA,NA,1,"Barcin","Bos taurus Linnaeus, 1758","innominate bone","",""
2,"Cal","Barcin Bone 582",NA,NA,0,"Barcin","Bos taurus Linnaeus, 1758","calcaneus","Proximal epiphysis fused",""
15,"Pel","Barcin Bone 583",NA,NA,1,"Barcin","Bos taurus Linnaeus, 1758","innominate bone","",""
15,"Pel","Barcin Bone 584",NA,NA,1,"Barcin","Bos taurus Linnaeus, 1758","innominate bone","",""
11,"Tib_dist","Barcin Bone 668",61,11,0,"Barcin","Bos taurus Linnaeus, 1758","tibia","","Distal epiphysis fused"
17,"Tib_prox","Barcin Bone 669",NA,NA,1,"Barcin","Bos taurus Linnaeus, 1758","tibia","Proximal epiphysis unfused",""
11,"Tib_dist","Barcin Bone 670",NA,NA,1,"Barcin","Bos taurus Linnaeus, 1758","tibia","",""
8,"PH2","Barcin Bone 671",62,8,1,"Barcin","Bos taurus Linnaeus, 1758","middle phalanx","",""
8,"PH2","Barcin Bone 672",63,8,0,"Barcin","Bos taurus Linnaeus, 1758","middle phalanx","Proximal epiphysis fused",""
3,"Mtc_dist","Barcin Bone 673",64,3,1,"Barcin","Bos taurus Linnaeus, 1758","fused metacarpal bones 3 and 4; metacarpal bone of digit 3; metacarpal bone of digit 4; metacarpal bone of digit 5","","Distal epiphysis unfused"
15,"Pel","Barcin Bone 677",NA,NA,1,"Barcin","Bos taurus Linnaeus, 1758","innominate bone","",""
5,"Mtt_dist","Barcin Bone 678",NA,NA,0,"Barcin","Bos taurus Linnaeus, 1758","metatarsal bone of digit 5; metatarsal bone of digit 2; fused metatarsal bones 3 and 4","","Distal epiphysis fused"
14,"Hum","Barcin Bone 699",NA,NA,1,"Barcin","Bos taurus Linnaeus, 1758","humerus","","Distal epiphysis unfused"
14,"Hum","Barcin Bone 702",NA,NA,1,"Barcin","Bos taurus Linnaeus, 1758","humerus","",""
15,"Pel","Barcin Bone 710",NA,NA,1,"Barcin","Bos taurus Linnaeus, 1758","innominate bone","",""
15,"Pel","Barcin Bone 711",NA,NA,1,"Barcin","Bos taurus Linnaeus, 1758","innominate bone","",""
4,"Mtc_prox","Barcin Bone 714",NA,NA,1,"Barcin","Bos taurus Linnaeus, 1758","fused metacarpal bones 3 and 4; metacarpal bone of digit 3; metacarpal bone of digit 4; metacarpal bone of digit 5","",""
7,"PH1","Barcin Bone 717",65,7,0,"Barcin","Bos taurus Linnaeus, 1758","proximal phalanx","Proximal epiphysis fused",""
14,"Hum","Barcin Bone 784",NA,NA,1,"Barcin","Bos taurus Linnaeus, 1758","humerus","","Distal epiphysis fused"
6,"Mtt_prox","Barcin Bone 785",NA,NA,1,"Barcin","Bos taurus Linnaeus, 1758","metatarsal bone of digit 5; metatarsal bone of digit 2; fused metatarsal bones 3 and 4","",""
6,"Mtt_prox","Barcin Bone 786",NA,NA,1,"Barcin","Bos taurus Linnaeus, 1758","metatarsal bone of digit 5; metatarsal bone of digit 2; fused metatarsal bones 3 and 4","",""
14,"Hum","Barcin Bone 797",NA,NA,0,"Barcin","Bos primigenius","humerus","Proximal epiphysis fusing",""
16,"Sca","Barcin Bone 856",NA,NA,1,"Barcin","Bos taurus Linnaeus, 1758","scapula","",""
16,"Sca","Barcin Bone 857",NA,NA,1,"Barcin","Bos taurus Linnaeus, 1758","scapula","",""
18,"Uln","Barcin Bone 858",NA,NA,1,"Barcin","Bos taurus Linnaeus, 1758","ulna","",""
18,"Uln","Barcin Bone 859",NA,NA,1,"Barcin","Bos taurus Linnaeus, 1758","ulna","",""
13,"Fem_prox","Barcin Bone 861",NA,NA,1,"Barcin","Bos taurus Linnaeus, 1758","femur","",""
13,"Fem_prox","Barcin Bone 862",NA,NA,1,"Barcin","Bos taurus Linnaeus, 1758","femur","",""
11,"Tib_dist","Barcin Bone 863",NA,NA,1,"Barcin","Bos taurus Linnaeus, 1758","tibia","",""
18,"Uln","Barcin Bone 930",NA,NA,1,"Barcin","Bos taurus Linnaeus, 1758","ulna","",""
7,"PH1","Barcin Bone 963",NA,NA,0,"Barcin","Bos taurus Linnaeus, 1758","proximal phalanx","Proximal epiphysis fused",""
7,"PH1","Barcin Bone 964",NA,NA,1,"Barcin","Bos taurus Linnaeus, 1758","proximal phalanx","",""
4,"Mtc_prox","Barcin Bone 969",NA,NA,1,"Barcin","Bos taurus Linnaeus, 1758","fused metacarpal bones 3 and 4; metacarpal bone of digit 3; metacarpal bone of digit 4; metacarpal bone of digit 5","",""
10,"Rad_prox","Barcin Bone 988",67,10,1,"Barcin","Bos taurus Linnaeus, 1758","radius bone","Proximal epiphysis fused","Distal epiphysis unfused"
18,"Uln","Barcin Bone 989",NA,NA,1,"Barcin","Bos taurus Linnaeus, 1758","ulna","",""
18,"Uln","Barcin Bone 990",NA,NA,1,"Barcin","Bos taurus Linnaeus, 1758","ulna","",""
11,"Tib_dist","Barcin Bone 991",NA,NA,1,"Barcin","Bos taurus Linnaeus, 1758","tibia","","Distal epiphysis unfused"
15,"Pel","Barcin Bone 993",NA,NA,1,"Barcin","Bos taurus Linnaeus, 1758","innominate bone","",""
6,"Mtt_prox","Barcin Bone 1006",NA,NA,1,"Barcin","Bos taurus Linnaeus, 1758","metatarsal bone of digit 5; metatarsal bone of digit 2; fused metatarsal bones 3 and 4","",""
4,"Mtc_prox","Barcin Bone 1007",NA,NA,1,"Barcin","Bos taurus Linnaeus, 1758","fused metacarpal bones 3 and 4; metacarpal bone of digit 3; metacarpal bone of digit 4; metacarpal bone of digit 5","",""
7,"PH1","Barcin Bone 1008",NA,NA,1,"Barcin","Bos taurus Linnaeus, 1758","proximal phalanx","",""
8,"PH2","Barcin Bone 1009",NA,NA,0,"Barcin","Bos taurus Linnaeus, 1758","middle phalanx","Proximal epiphysis fused",""
8,"PH2","Barcin Bone 1010",1,8,0,"Barcin","Bos taurus Linnaeus, 1758","middle phalanx","Proximal epiphysis fused",""
8,"PH2","Barcin Bone 1011",NA,NA,1,"Barcin","Bos taurus Linnaeus, 1758","middle phalanx","Proximal epiphysis unfused",""
13,"Fem_prox","Barcin Bone 1015",NA,NA,1,"Barcin","Bos taurus Linnaeus, 1758","femur","",""
16,"Sca","Barcin Bone 1096",NA,NA,1,"Barcin","Bos taurus Linnaeus, 1758","scapula","",""
18,"Uln","Barcin Bone 1097",NA,NA,1,"Barcin","Bos taurus Linnaeus, 1758","ulna","",""
13,"Fem_prox","Barcin Bone 1098",NA,NA,1,"Barcin","Bos taurus Linnaeus, 1758","femur","",""
13,"Fem_prox","Barcin Bone 1099",NA,NA,1,"Barcin","Bos taurus Linnaeus, 1758","femur","",""
13,"Fem_prox","Barcin Bone 1100",NA,NA,1,"Barcin","Bos taurus Linnaeus, 1758","femur","",""
4,"Mtc_prox","Barcin Bone 1106",NA,NA,1,"Barcin","Bos taurus Linnaeus, 1758","fused metacarpal bones 3 and 4; metacarpal bone of digit 3; metacarpal bone of digit 4; metacarpal bone of digit 5","",""
15,"Pel","Barcin Bone 1150",NA,NA,1,"Barcin","Bos taurus Linnaeus, 1758","innominate bone","",""
16,"Sca","Barcin Bone 1152",NA,NA,1,"Barcin","Bos taurus Linnaeus, 1758","scapula","",""
13,"Fem_prox","Barcin Bone 1163",NA,NA,1,"Barcin","Bos taurus Linnaeus, 1758","femur","",""
14,"Hum","Barcin Bone 1164",NA,NA,1,"Barcin","Bos taurus Linnaeus, 1758","humerus","","Distal epiphysis fused"
7,"PH1","Barcin Bone 1167",NA,NA,0,"Barcin","Bos taurus Linnaeus, 1758","proximal phalanx","Proximal epiphysis fused",""
7,"PH1","Barcin Bone 1168",NA,NA,0,"Barcin","Bos taurus Linnaeus, 1758","proximal phalanx","Proximal epiphysis fused",""
7,"PH1","Barcin Bone 1169",NA,NA,1,"Barcin","Bos taurus Linnaeus, 1758","proximal phalanx","",""
7,"PH1","Barcin Bone 1170",NA,NA,1,"Barcin","Bos taurus Linnaeus, 1758","proximal phalanx","",""
7,"PH1","Barcin Bone 1171",NA,NA,1,"Barcin","Bos taurus Linnaeus, 1758","proximal phalanx","",""
11,"Tib_dist","Barcin Bone 1172",NA,NA,0,"Barcin","Bos taurus Linnaeus, 1758","tibia","","Distal epiphysis fused"
18,"Uln","Barcin Bone 1173",NA,NA,1,"Barcin","Bos taurus Linnaeus, 1758","ulna","",""
1,"Ast","Barcin Bone 1177",NA,NA,1,"Barcin","Bos taurus Linnaeus, 1758","talus","",""
16,"Sca","Barcin Bone 1270",NA,NA,1,"Barcin","Bos taurus Linnaeus, 1758","scapula","",""
18,"Uln","Barcin Bone 1271",NA,NA,1,"Barcin","Bos taurus Linnaeus, 1758","ulna","",""
14,"Hum","Barcin Bone 1285",NA,NA,1,"Barcin","Bos taurus Linnaeus, 1758","humerus","",""
14,"Hum","Barcin Bone 1286",NA,NA,1,"Barcin","Bos taurus Linnaeus, 1758","humerus","",""
11,"Tib_dist","Barcin Bone 1287",NA,NA,1,"Barcin","Bos taurus Linnaeus, 1758","tibia","","Distal epiphysis unfused"
11,"Tib_dist","Barcin Bone 1288",NA,NA,0,"Barcin","Bos taurus Linnaeus, 1758","tibia","","Distal epiphysis fused"
3,"Mtc_dist","Barcin Bone 1299",3,3,0,"Barcin","Bos taurus Linnaeus, 1758","fused metacarpal bones 3 and 4; metacarpal bone of digit 3; metacarpal bone of digit 4; metacarpal bone of digit 5","","Distal epiphysis fused"
16,"Sca","Barcin Bone 1349",NA,NA,1,"Barcin","Bos taurus Linnaeus, 1758","scapula","",""
4,"Mtc_prox","Barcin Bone 1351",4,4,0,"Barcin","Bos taurus Linnaeus, 1758","fused metacarpal bones 3 and 4; metacarpal bone of digit 3; metacarpal bone of digit 4; metacarpal bone of digit 5","","Distal epiphysis fused"
15,"Pel","Barcin Bone 1360",NA,NA,1,"Barcin","Bos taurus Linnaeus, 1758","innominate bone","",""
5,"Mtt_dist","Barcin Bone 1365",NA,NA,0,"Barcin","Bos taurus Linnaeus, 1758","metatarsal bone of digit 5; metatarsal bone of digit 2; fused metatarsal bones 3 and 4","","Distal epiphysis fused"
8,"PH2","Barcin Bone 1366",5,8,1,"Barcin","Bos taurus Linnaeus, 1758","middle phalanx","Proximal epiphysis unfused",""
11,"Tib_dist","Barcin Bone 1367",6,11,1,"Barcin","Bos taurus Linnaeus, 1758","tibia","","Distal epiphysis unfused"
11,"Tib_dist","Barcin Bone 1368",NA,NA,1,"Barcin","Bos taurus Linnaeus, 1758","tibia","","Distal epiphysis unfused"
16,"Sca","Barcin Bone 1369",NA,NA,1,"Barcin","Bos taurus Linnaeus, 1758","scapula","",""
15,"Pel","Barcin Bone 1370",NA,NA,1,"Barcin","Bos taurus Linnaeus, 1758","innominate bone","",""
16,"Sca","Barcin Bone 1408",NA,NA,1,"Barcin","Bos taurus Linnaeus, 1758","scapula","",""
13,"Fem_prox","Barcin Bone 1491",NA,NA,1,"Barcin","Bos taurus Linnaeus, 1758","femur","",""
18,"Uln","Barcin Bone 1492",NA,NA,1,"Barcin","Bos taurus Linnaeus, 1758","ulna","Proximal epiphysis unfused",""
18,"Uln","Barcin Bone 1493",NA,NA,1,"Barcin","Bos taurus Linnaeus, 1758","ulna","",""
18,"Uln","Barcin Bone 1494",NA,NA,1,"Barcin","Bos taurus Linnaeus, 1758","ulna","Proximal epiphysis unfused",""
10,"Rad_prox","Barcin Bone 1495",NA,NA,1,"Barcin","Bos taurus Linnaeus, 1758","radius bone","Proximal epiphysis fused",""
10,"Rad_prox","Barcin Bone 1496",NA,NA,1,"Barcin","Bos taurus Linnaeus, 1758","radius bone","Proximal epiphysis fused",""
9,"Rad_dist","Barcin Bone 1497",NA,NA,1,"Barcin","Bos taurus Linnaeus, 1758","radius bone","","Distal epiphysis unfused"
9,"Rad_dist","Barcin Bone 1498",NA,NA,1,"Barcin","Bos taurus Linnaeus, 1758","radius bone","","Distal epiphysis unfused"
12,"Fem_dist","Barcin Bone 1499",NA,NA,1,"Barcin","Bos taurus Linnaeus, 1758","femur","","Distal epiphysis unfused"
12,"Fem_dist","Barcin Bone 1500",NA,NA,1,"Barcin","Bos taurus Linnaeus, 1758","femur","","Distal epiphysis unfused"
16,"Sca","Barcin Bone 1501",NA,NA,1,"Barcin","Bos taurus Linnaeus, 1758","scapula","",""
16,"Sca","Barcin Bone 1502",NA,NA,1,"Barcin","Bos taurus Linnaeus, 1758","scapula","",""
16,"Sca","Barcin Bone 1503",NA,NA,1,"Barcin","Bos taurus Linnaeus, 1758","scapula","",""
7,"PH1","Barcin Bone 1527",NA,NA,1,"Barcin","Bos taurus Linnaeus, 1758","proximal phalanx","Proximal epiphysis unfused",""
7,"PH1","Barcin Bone 1528",NA,NA,1,"Barcin","Bos taurus Linnaeus, 1758","proximal phalanx","Proximal epiphysis unfused",""
7,"PH1","Barcin Bone 1529",NA,NA,1,"Barcin","Bos taurus Linnaeus, 1758","proximal phalanx","",""
7,"PH1","Barcin Bone 1530",NA,NA,1,"Barcin","Bos taurus Linnaeus, 1758","proximal phalanx","",""
8,"PH2","Barcin Bone 1533",7,8,1,"Barcin","Bos taurus Linnaeus, 1758","middle phalanx","",""
8,"PH2","Barcin Bone 1536",8,8,1,"Barcin","Bos taurus Linnaeus, 1758","middle phalanx","",""
4,"Mtc_prox","Barcin Bone 1540",NA,NA,1,"Barcin","Bos taurus Linnaeus, 1758","fused metacarpal bones 3 and 4; metacarpal bone of digit 3; metacarpal bone of digit 4; metacarpal bone of digit 5","",""
4,"Mtc_prox","Barcin Bone 1541",NA,NA,1,"Barcin","Bos taurus Linnaeus, 1758","fused metacarpal bones 3 and 4; metacarpal bone of digit 3; metacarpal bone of digit 4; metacarpal bone of digit 5","",""
3,"Mtc_dist","Barcin Bone 1542",NA,NA,0,"Barcin","Bos taurus Linnaeus, 1758","fused metacarpal bones 3 and 4; metacarpal bone of digit 3; metacarpal bone of digit 4; metacarpal bone of digit 5","","Distal epiphysis fused"
15,"Pel","Barcin Bone 1640",NA,NA,1,"Barcin","Bos taurus Linnaeus, 1758","innominate bone","",""
3,"Mtc_dist","Barcin Bone 1641",NA,NA,1,"Barcin","Bos taurus Linnaeus, 1758","fused metacarpal bones 3 and 4; metacarpal bone of digit 3; metacarpal bone of digit 4; metacarpal bone of digit 5","","Distal epiphysis unfused"
7,"PH1","Barcin Bone 1642",NA,NA,1,"Barcin","Bos taurus Linnaeus, 1758","proximal phalanx","",""
7,"PH1","Barcin Bone 1643",NA,NA,1,"Barcin","Bos taurus Linnaeus, 1758","proximal phalanx","Proximal epiphysis unfused",""
13,"Fem_prox","Barcin Bone 1659",NA,NA,1,"Barcin","Bos taurus Linnaeus, 1758","femur","Proximal epiphysis unfused",""
13,"Fem_prox","Barcin Bone 1660",NA,NA,1,"Barcin","Bos taurus Linnaeus, 1758","femur","Proximal epiphysis unfused",""
13,"Fem_prox","Barcin Bone 1661",NA,NA,0,"Barcin","Bos taurus Linnaeus, 1758","femur","Proximal epiphysis fused",""
14,"Hum","Barcin Bone 1662",NA,NA,0,"Barcin","Bos taurus Linnaeus, 1758","humerus","Proximal epiphysis fusing",""
14,"Hum","Barcin Bone 1663",NA,NA,1,"Barcin","Bos taurus Linnaeus, 1758","humerus","",""
4,"Mtc_prox","Barcin Bone 1665",10,4,1,"Barcin","Bos taurus Linnaeus, 1758","fused metacarpal bones 3 and 4; metacarpal bone of digit 3; metacarpal bone of digit 4; metacarpal bone of digit 5","",""
11,"Tib_dist","Barcin Bone 1668",NA,NA,1,"Barcin","Bos taurus Linnaeus, 1758","tibia","",""
7,"PH1","Barcin Bone 1669",NA,NA,0,"Barcin","Bos taurus Linnaeus, 1758","proximal phalanx","Proximal epiphysis fused",""
7,"PH1","Barcin Bone 1670",11,7,0,"Barcin","Bos taurus Linnaeus, 1758","proximal phalanx","Proximal epiphysis fused",""
8,"PH2","Barcin Bone 1671",NA,NA,1,"Barcin","Bos taurus Linnaeus, 1758","middle phalanx","",""
12,"Fem_dist","Barcin Bone 1684",NA,NA,0,"Barcin","Bos taurus Linnaeus, 1758","femur","","Distal epiphysis fused"
14,"Hum","Barcin Bone 1770",NA,NA,1,"Barcin","Bos taurus Linnaeus, 1758","humerus","Proximal epiphysis unfused",""
14,"Hum","Barcin Bone 1771",NA,NA,1,"Barcin","Bos taurus Linnaeus, 1758","humerus","",""
14,"Hum","Barcin Bone 1772",NA,NA,1,"Barcin","Bos taurus Linnaeus, 1758","humerus","",""
11,"Tib_dist","Barcin Bone 1773",NA,NA,1,"Barcin","Bos taurus Linnaeus, 1758","tibia","",""
11,"Tib_dist","Barcin Bone 1774",NA,NA,1,"Barcin","Bos taurus Linnaeus, 1758","tibia","",""
11,"Tib_dist","Barcin Bone 1775",NA,NA,0,"Barcin","Bos taurus Linnaeus, 1758","tibia","","Distal epiphysis fused"
17,"Tib_prox","Barcin Bone 1776",NA,NA,1,"Barcin","Bos taurus Linnaeus, 1758","tibia","Proximal epiphysis unfused",""
5,"Mtt_dist","Barcin Bone 1782",12,5,0,"Barcin","Bos taurus Linnaeus, 1758","metatarsal bone of digit 5; metatarsal bone of digit 2; fused metatarsal bones 3 and 4","","Distal epiphysis fused"
2,"Cal","Barcin Bone 1783",13,2,1,"Barcin","Bos taurus Linnaeus, 1758","calcaneus","Proximal epiphysis unfused",""
7,"PH1","Barcin Bone 1787",NA,NA,0,"Barcin","Bos taurus Linnaeus, 1758","proximal phalanx","Proximal epiphysis fused",""
7,"PH1","Barcin Bone 1788",NA,NA,0,"Barcin","Bos taurus Linnaeus, 1758","proximal phalanx","Proximal epiphysis fused",""
7,"PH1","Barcin Bone 1789",NA,NA,1,"Barcin","Bos taurus Linnaeus, 1758","proximal phalanx","",""
8,"PH2","Barcin Bone 1790",NA,NA,0,"Barcin","Bos taurus Linnaeus, 1758","middle phalanx","Proximal epiphysis fused",""
14,"Hum","Barcin Bone 1795",NA,NA,1,"Barcin","Bos taurus Linnaeus, 1758","humerus","",""
6,"Mtt_prox","Barcin Bone 1796",14,6,1,"Barcin","Bos taurus Linnaeus, 1758","metatarsal bone of digit 5; metatarsal bone of digit 2; fused metatarsal bones 3 and 4","",""
4,"Mtc_prox","Barcin Bone 1797",NA,NA,1,"Barcin","Bos taurus Linnaeus, 1758","fused metacarpal bones 3 and 4; metacarpal bone of digit 3; metacarpal bone of digit 4; metacarpal bone of digit 5","",""
10,"Rad_prox","Barcin Bone 1800",NA,NA,1,"Barcin","Bos taurus Linnaeus, 1758","radius bone","",""
14,"Hum","Barcin Bone 1801",NA,NA,1,"Barcin","Bos taurus Linnaeus, 1758","humerus","","Distal epiphysis fused"
7,"PH1","Barcin Bone 1803",NA,NA,1,"Barcin","Bos taurus Linnaeus, 1758","proximal phalanx","",""
7,"PH1","Barcin Bone 1804",NA,NA,0,"Barcin","Bos taurus Linnaeus, 1758","proximal phalanx","Proximal epiphysis fused",""
15,"Pel","Barcin Bone 1806",NA,NA,1,"Barcin","Bos taurus Linnaeus, 1758","innominate bone","",""
13,"Fem_prox","Barcin Bone 1974",NA,NA,1,"Barcin","Bos taurus Linnaeus, 1758","femur","",""
11,"Tib_dist","Barcin Bone 1975",15,11,0,"Barcin","Bos taurus Linnaeus, 1758","tibia","","Distal epiphysis fused"
18,"Uln","Barcin Bone 1976",NA,NA,1,"Barcin","Bos taurus Linnaeus, 1758","ulna","",""
6,"Mtt_prox","Barcin Bone 1977",NA,NA,1,"Barcin","Bos taurus Linnaeus, 1758","metatarsal bone of digit 5; metatarsal bone of digit 2; fused metatarsal bones 3 and 4","",""
6,"Mtt_prox","Barcin Bone 1979",NA,NA,1,"Barcin","Bos taurus Linnaeus, 1758","metatarsal bone of digit 5; metatarsal bone of digit 2; fused metatarsal bones 3 and 4","",""
9,"Rad_dist","Barcin Bone 1982",NA,NA,1,"Barcin","Bos taurus Linnaeus, 1758","radius bone","","Distal epiphysis unfused"
8,"PH2","Barcin Bone 1992",NA,NA,0,"Barcin","Bos taurus Linnaeus, 1758","middle phalanx","Proximal epiphysis fused",""
7,"PH1","Barcin Bone 1993",NA,NA,0,"Barcin","Bos taurus Linnaeus, 1758","proximal phalanx","Proximal epiphysis fused",""
7,"PH1","Barcin Bone 1994",NA,NA,1,"Barcin","Bos taurus Linnaeus, 1758","proximal phalanx","",""
7,"PH1","Barcin Bone 1995",NA,NA,1,"Barcin","Bos taurus Linnaeus, 1758","proximal phalanx","",""
7,"PH1","Barcin Bone 1996",NA,NA,0,"Barcin","Bos taurus Linnaeus, 1758","proximal phalanx","Proximal epiphysis fused",""
7,"PH1","Barcin Bone 1997",NA,NA,0,"Barcin","Bos taurus Linnaeus, 1758","proximal phalanx","Proximal epiphysis fused",""
7,"PH1","Barcin Bone 1998",NA,NA,0,"Barcin","Bos taurus Linnaeus, 1758","proximal phalanx","Proximal epiphysis fused",""
7,"PH1","Barcin Bone 1999",NA,NA,0,"Barcin","Bos taurus Linnaeus, 1758","proximal phalanx","Proximal epiphysis fused",""
7,"PH1","Barcin Bone 2000",NA,NA,0,"Barcin","Bos taurus Linnaeus, 1758","proximal phalanx","Proximal epiphysis fused",""
7,"PH1","Barcin Bone 2001",NA,NA,0,"Barcin","Bos taurus Linnaeus, 1758","proximal phalanx","Proximal epiphysis fused",""
7,"PH1","Barcin Bone 2002",NA,NA,1,"Barcin","Bos taurus Linnaeus, 1758","proximal phalanx","Proximal epiphysis unfused",""
14,"Hum","Barcin Bone 2012",NA,NA,1,"Barcin","Bos taurus Linnaeus, 1758","humerus","","Distal epiphysis unfused"
14,"Hum","Barcin Bone 2056",NA,NA,1,"Barcin","Bos taurus Linnaeus, 1758","humerus","",""
14,"Hum","Barcin Bone 2057",NA,NA,1,"Barcin","Bos taurus Linnaeus, 1758","humerus","","Distal epiphysis unfused"
15,"Pel","Barcin Bone 2138",NA,NA,1,"Barcin","Bos taurus Linnaeus, 1758","innominate bone","",""
13,"Fem_prox","Barcin Bone 2178",NA,NA,1,"Barcin","Bos taurus Linnaeus, 1758","femur","",""
15,"Pel","Barcin Bone 2179",NA,NA,1,"Barcin","Bos taurus Linnaeus, 1758","innominate bone","",""
15,"Pel","Barcin Bone 2180",NA,NA,1,"Barcin","Bos taurus Linnaeus, 1758","innominate bone","",""
1,"Ast","Barcin Bone 2181",17,1,1,"Barcin","Bos taurus Linnaeus, 1758","talus","",""
7,"PH1","Barcin Bone 2182",18,7,0,"Barcin","Bos taurus Linnaeus, 1758","proximal phalanx","Proximal epiphysis fused",""
7,"PH1","Barcin Bone 2183",NA,NA,0,"Barcin","Bos taurus Linnaeus, 1758","proximal phalanx","Proximal epiphysis fused",""
7,"PH1","Barcin Bone 2184",NA,NA,1,"Barcin","Bos taurus Linnaeus, 1758","proximal phalanx","",""
7,"PH1","Barcin Bone 2185",NA,NA,1,"Barcin","Bos taurus Linnaeus, 1758","proximal phalanx","",""
16,"Sca","Barcin Bone 2211",NA,NA,1,"Barcin","Bos taurus Linnaeus, 1758","scapula","",""
16,"Sca","Barcin Bone 2212",NA,NA,1,"Barcin","Bos taurus Linnaeus, 1758","scapula","","Distal epiphysis unfused"
3,"Mtc_dist","Barcin Bone 2213",NA,NA,1,"Barcin","Bos taurus Linnaeus, 1758","fused metacarpal bones 3 and 4; metacarpal bone of digit 3; metacarpal bone of digit 4; metacarpal bone of digit 5","","Distal epiphysis unfused"
14,"Hum","Barcin Bone 2214",NA,NA,1,"Barcin","Bos taurus Linnaeus, 1758","humerus","","Distal epiphysis fused"
11,"Tib_dist","Barcin Bone 2218",NA,NA,1,"Barcin","Bos taurus Linnaeus, 1758","tibia","",""
18,"Uln","Barcin Bone 2247",NA,NA,1,"Barcin","Bos taurus Linnaeus, 1758","ulna","",""
2,"Cal","Barcin Bone 2250",NA,NA,1,"Barcin","Bos taurus Linnaeus, 1758","calcaneus","",""
1,"Ast","Barcin Bone 2253",NA,NA,1,"Barcin","Bos taurus Linnaeus, 1758","talus","",""
13,"Fem_prox","Barcin Bone 2260",NA,NA,1,"Barcin","Bos taurus Linnaeus, 1758","femur","",""
6,"Mtt_prox","Barcin Bone 2261",NA,NA,1,"Barcin","Bos taurus Linnaeus, 1758","metatarsal bone of digit 5; metatarsal bone of digit 2; fused metatarsal bones 3 and 4","",""
8,"PH2","Barcin Bone 2264",NA,NA,0,"Barcin","Bos taurus Linnaeus, 1758","middle phalanx","Proximal epiphysis fused",""
2,"Cal","Barcin Bone 2304",NA,NA,0,"Barcin","Bos taurus Linnaeus, 1758","calcaneus","Proximal epiphysis fused",""
16,"Sca","Barcin Bone 2311",NA,NA,1,"Barcin","Bos taurus Linnaeus, 1758","scapula","",""
16,"Sca","Barcin Bone 2312",NA,NA,1,"Barcin","Bos taurus Linnaeus, 1758","scapula","","Distal epiphysis fused"
9,"Rad_dist","Barcin Bone 2320",NA,NA,0,"Barcin","Bos taurus Linnaeus, 1758","radius bone","","Distal epiphysis fused"
18,"Uln","Barcin Bone 2321",NA,NA,1,"Barcin","Bos taurus Linnaeus, 1758","ulna","",""
12,"Fem_dist","Barcin Bone 2322",NA,NA,1,"Barcin","Bos taurus Linnaeus, 1758","femur","","Distal epiphysis unfused"
15,"Pel","Barcin Bone 2323",NA,NA,1,"Barcin","Bos taurus Linnaeus, 1758","innominate bone","",""
15,"Pel","Barcin Bone 2324",NA,NA,1,"Barcin","Bos taurus Linnaeus, 1758","innominate bone","",""
15,"Pel","Barcin Bone 2325",NA,NA,1,"Barcin","Bos taurus Linnaeus, 1758","innominate bone","",""
4,"Mtc_prox","Barcin Bone 2339",NA,NA,1,"Barcin","Bos taurus Linnaeus, 1758","fused metacarpal bones 3 and 4; metacarpal bone of digit 3; metacarpal bone of digit 4; metacarpal bone of digit 5","",""
4,"Mtc_prox","Barcin Bone 2340",NA,NA,1,"Barcin","Bos taurus Linnaeus, 1758","fused metacarpal bones 3 and 4; metacarpal bone of digit 3; metacarpal bone of digit 4; metacarpal bone of digit 5","",""
6,"Mtt_prox","Barcin Bone 2341",NA,NA,1,"Barcin","Bos taurus Linnaeus, 1758","metatarsal bone of digit 5; metatarsal bone of digit 2; fused metatarsal bones 3 and 4","",""
7,"PH1","Barcin Bone 2342",NA,NA,1,"Barcin","Bos taurus Linnaeus, 1758","proximal phalanx","",""
7,"PH1","Barcin Bone 2343",NA,NA,1,"Barcin","Bos taurus Linnaeus, 1758","proximal phalanx","Proximal epiphysis unfused",""
7,"PH1","Barcin Bone 2344",19,7,0,"Barcin","Bos taurus Linnaeus, 1758","proximal phalanx","Proximal epiphysis fused",""
7,"PH1","Barcin Bone 2345",NA,NA,1,"Barcin","Bos taurus Linnaeus, 1758","proximal phalanx","",""
8,"PH2","Barcin Bone 2346",NA,NA,0,"Barcin","Bos taurus Linnaeus, 1758","middle phalanx","Proximal epiphysis fused",""
8,"PH2","Barcin Bone 2347",NA,NA,0,"Barcin","Bos taurus Linnaeus, 1758","middle phalanx","Proximal epiphysis fused",""
10,"Rad_prox","Barcin Bone 2427",NA,NA,1,"Barcin","Bos taurus Linnaeus, 1758","radius bone","Proximal epiphysis unfused",""
14,"Hum","Barcin Bone 2428",NA,NA,1,"Barcin","Bos taurus Linnaeus, 1758","humerus","","Distal epiphysis unfused"
14,"Hum","Barcin Bone 2429",NA,NA,1,"Barcin","Bos taurus Linnaeus, 1758","humerus","Proximal epiphysis unfused",""
9,"Rad_dist","Barcin Bone 2430",NA,NA,0,"Barcin","Bos taurus Linnaeus, 1758","radius bone","","Distal epiphysis fused"
10,"Rad_prox","Barcin Bone 2431",NA,NA,1,"Barcin","Bos taurus Linnaeus, 1758","radius bone","",""
5,"Mtt_dist","Barcin Bone 2432",20,5,1,"Barcin","Bos taurus Linnaeus, 1758","metatarsal bone of digit 5; metatarsal bone of digit 2; fused metatarsal bones 3 and 4","","Distal epiphysis unfused"
6,"Mtt_prox","Barcin Bone 2433",NA,NA,1,"Barcin","Bos taurus Linnaeus, 1758","metatarsal bone of digit 5; metatarsal bone of digit 2; fused metatarsal bones 3 and 4","",""
6,"Mtt_prox","Barcin Bone 2434",NA,NA,1,"Barcin","Bos taurus Linnaeus, 1758","metatarsal bone of digit 5; metatarsal bone of digit 2; fused metatarsal bones 3 and 4","",""
5,"Mtt_dist","Barcin Bone 2435",NA,NA,1,"Barcin","Bos taurus Linnaeus, 1758","metatarsal bone of digit 5; metatarsal bone of digit 2; fused metatarsal bones 3 and 4","","Distal epiphysis unfused"
6,"Mtt_prox","Barcin Bone 2436",NA,NA,1,"Barcin","Bos taurus Linnaeus, 1758","metatarsal bone of digit 5; metatarsal bone of digit 2; fused metatarsal bones 3 and 4","Proximal epiphysis fused",""
7,"PH1","Barcin Bone 2437",NA,NA,1,"Barcin","Bos taurus Linnaeus, 1758","proximal phalanx","",""
8,"PH2","Barcin Bone 2438",21,8,0,"Barcin","Bos taurus Linnaeus, 1758","middle phalanx","Proximal epiphysis fused",""
7,"PH1","Barcin Bone 2439",NA,NA,0,"Barcin","Bos taurus Linnaeus, 1758","proximal phalanx","Proximal epiphysis fused",""
8,"PH2","Barcin Bone 2440",NA,NA,1,"Barcin","Bos taurus Linnaeus, 1758","middle phalanx","",""
1,"Ast","Barcin Bone 2442",22,1,1,"Barcin","Bos taurus Linnaeus, 1758","talus","",""
6,"Mtt_prox","Barcin Bone 2462",NA,NA,1,"Barcin","Bos taurus Linnaeus, 1758","metatarsal bone of digit 5; metatarsal bone of digit 2; fused metatarsal bones 3 and 4","",""
6,"Mtt_prox","Barcin Bone 2463",NA,NA,1,"Barcin","Bos taurus Linnaeus, 1758","metatarsal bone of digit 5; metatarsal bone of digit 2; fused metatarsal bones 3 and 4","",""
6,"Mtt_prox","Barcin Bone 2464",NA,NA,1,"Barcin","Bos taurus Linnaeus, 1758","metatarsal bone of digit 5; metatarsal bone of digit 2; fused metatarsal bones 3 and 4","",""
10,"Rad_prox","Barcin Bone 2510",NA,NA,1,"Barcin","Bos taurus Linnaeus, 1758","radius bone","",""
18,"Uln","Barcin Bone 2511",NA,NA,1,"Barcin","Bos taurus Linnaeus, 1758","ulna","",""
2,"Cal","Barcin Bone 2512",NA,NA,1,"Barcin","Bos taurus Linnaeus, 1758","calcaneus","",""
15,"Pel","Barcin Bone 2519",NA,NA,1,"Barcin","Bos taurus Linnaeus, 1758","innominate bone","",""
7,"PH1","Barcin Bone 2522",NA,NA,1,"Barcin","Bos taurus Linnaeus, 1758","proximal phalanx","",""
7,"PH1","Barcin Bone 2523",NA,NA,1,"Barcin","Bos taurus Linnaeus, 1758","proximal phalanx","",""
8,"PH2","Barcin Bone 2524",NA,NA,1,"Barcin","Bos taurus Linnaeus, 1758","middle phalanx","",""
6,"Mtt_prox","Barcin Bone 2543",NA,NA,1,"Barcin","Bos taurus Linnaeus, 1758","metatarsal bone of digit 5; metatarsal bone of digit 2; fused metatarsal bones 3 and 4","",""
8,"PH2","Barcin Bone 2547",NA,NA,0,"Barcin","Bos taurus Linnaeus, 1758","middle phalanx","Proximal epiphysis fused",""
8,"PH2","Barcin Bone 2548",NA,NA,0,"Barcin","Bos taurus Linnaeus, 1758","middle phalanx","Proximal epiphysis fused",""
18,"Uln","Barcin Bone 2553",NA,NA,1,"Barcin","Bos taurus Linnaeus, 1758","ulna","",""
5,"Mtt_dist","Barcin Bone 2659",24,5,0,"Barcin","Bos taurus Linnaeus, 1758","metatarsal bone of digit 5; metatarsal bone of digit 2; fused metatarsal bones 3 and 4","","Distal epiphysis fusing"
6,"Mtt_prox","Barcin Bone 2660",NA,NA,1,"Barcin","Bos taurus Linnaeus, 1758","metatarsal bone of digit 5; metatarsal bone of digit 2; fused metatarsal bones 3 and 4","",""
14,"Hum","Barcin Bone 2716",NA,NA,1,"Barcin","Bos taurus Linnaeus, 1758","humerus","","Distal epiphysis fused"
14,"Hum","Barcin Bone 2746",NA,NA,1,"Barcin","Bos taurus Linnaeus, 1758","humerus","",""
7,"PH1","Barcin Bone 2748",NA,NA,1,"Barcin","Bos taurus Linnaeus, 1758","proximal phalanx","",""
14,"Hum","Barcin Bone 2769",NA,NA,1,"Barcin","Bos taurus Linnaeus, 1758","humerus","Proximal epiphysis unfused",""
6,"Mtt_prox","Barcin Bone 2775",25,6,1,"Barcin","Bos taurus Linnaeus, 1758","metatarsal bone of digit 5; metatarsal bone of digit 2; fused metatarsal bones 3 and 4","",""
7,"PH1","Barcin Bone 2776",26,7,1,"Barcin","Bos taurus Linnaeus, 1758","proximal phalanx","",""
4,"Mtc_prox","Barcin Bone 2809",NA,NA,1,"Barcin","Bos taurus Linnaeus, 1758","fused metacarpal bones 3 and 4; metacarpal bone of digit 3; metacarpal bone of digit 4; metacarpal bone of digit 5","",""
14,"Hum","Barcin Bone 2828",NA,NA,1,"Barcin","Bos taurus Linnaeus, 1758","humerus","",""
10,"Rad_prox","Barcin Bone 2832",NA,NA,1,"Barcin","Bos taurus Linnaeus, 1758","radius bone","Proximal epiphysis fused",""
15,"Pel","Barcin Bone 2833",NA,NA,1,"Barcin","Bos taurus Linnaeus, 1758","innominate bone","",""
14,"Hum","Barcin Bone 2834",NA,NA,1,"Barcin","Bos taurus Linnaeus, 1758","humerus","",""
3,"Mtc_dist","Barcin Bone 2855",NA,NA,0,"Barcin","Bos taurus Linnaeus, 1758","fused metacarpal bones 3 and 4; metacarpal bone of digit 3; metacarpal bone of digit 4; metacarpal bone of digit 5","","Distal epiphysis fused"
7,"PH1","Barcin Bone 2856",NA,NA,1,"Barcin","Bos taurus Linnaeus, 1758","proximal phalanx","Proximal epiphysis unfused",""
7,"PH1","Barcin Bone 2857",NA,NA,0,"Barcin","Bos taurus Linnaeus, 1758","proximal phalanx","Proximal epiphysis fused",""
7,"PH1","Barcin Bone 2858",NA,NA,0,"Barcin","Bos taurus Linnaeus, 1758","proximal phalanx","Proximal epiphysis fused",""
7,"PH1","Barcin Bone 2859",NA,NA,0,"Barcin","Bos taurus Linnaeus, 1758","proximal phalanx","Proximal epiphysis fused",""
7,"PH1","Barcin Bone 2860",NA,NA,0,"Barcin","Bos taurus Linnaeus, 1758","proximal phalanx","Proximal epiphysis fused",""
8,"PH2","Barcin Bone 2861",NA,NA,0,"Barcin","Bos taurus Linnaeus, 1758","middle phalanx","Proximal epiphysis fused",""
8,"PH2","Barcin Bone 2862",NA,NA,0,"Barcin","Bos taurus Linnaeus, 1758","middle phalanx","Proximal epiphysis fused",""
8,"PH2","Barcin Bone 2863",28,8,1,"Barcin","Bos taurus Linnaeus, 1758","middle phalanx","Proximal epiphysis unfused",""
14,"Hum","Barcin Bone 2866",NA,NA,1,"Barcin","Bos taurus Linnaeus, 1758","humerus","",""
10,"Rad_prox","Barcin Bone 2867",NA,NA,1,"Barcin","Bos taurus Linnaeus, 1758","radius bone","",""
12,"Fem_dist","Barcin Bone 2868",NA,NA,0,"Barcin","Bos taurus Linnaeus, 1758","femur","","Distal epiphysis fused"
6,"Mtt_prox","Barcin Bone 2869",NA,NA,1,"Barcin","Bos taurus Linnaeus, 1758","metatarsal bone of digit 5; metatarsal bone of digit 2; fused metatarsal bones 3 and 4","",""
12,"Fem_dist","Barcin Bone 2871",NA,NA,0,"Barcin","Bos taurus Linnaeus, 1758","femur","","Distal epiphysis fused"
7,"PH1","Barcin Bone 2889",NA,NA,1,"Barcin","Bos taurus Linnaeus, 1758","proximal phalanx","",""
9,"Rad_dist","Barcin Bone 2890",NA,NA,1,"Barcin","Bos taurus Linnaeus, 1758","radius bone","","Distal epiphysis unfused"
8,"PH2","Barcin Bone 2900",NA,NA,0,"Barcin","Bos taurus Linnaeus, 1758","middle phalanx","Proximal epiphysis fused",""
8,"PH2","Barcin Bone 2901",NA,NA,1,"Barcin","Bos taurus Linnaeus, 1758","middle phalanx","Proximal epiphysis unfused",""
4,"Mtc_prox","Barcin Bone 2919",29,4,1,"Barcin","Bos taurus Linnaeus, 1758","fused metacarpal bones 3 and 4; metacarpal bone of digit 3; metacarpal bone of digit 4; metacarpal bone of digit 5","",""
14,"Hum","Barcin Bone 2920",NA,NA,1,"Barcin","Bos taurus Linnaeus, 1758","humerus","",""
13,"Fem_prox","Barcin Bone 2921",NA,NA,1,"Barcin","Bos taurus Linnaeus, 1758","femur","",""
14,"Hum","Barcin Bone 2932",NA,NA,1,"Barcin","Bos taurus Linnaeus, 1758","humerus","","Distal epiphysis fusing"
11,"Tib_dist","Barcin Bone 2933",NA,NA,1,"Barcin","Bos taurus Linnaeus, 1758","tibia","",""
1,"Ast","Barcin Bone 2934",30,1,1,"Barcin","Bos taurus Linnaeus, 1758","talus","",""
13,"Fem_prox","Barcin Bone 2948",NA,NA,1,"Barcin","Bos taurus Linnaeus, 1758","femur","Proximal epiphysis unfused",""
7,"PH1","Barcin Bone 2949",NA,NA,0,"Barcin","Bos taurus Linnaeus, 1758","proximal phalanx","Proximal epiphysis fused",""
7,"PH1","Barcin Bone 2950",NA,NA,1,"Barcin","Bos taurus Linnaeus, 1758","proximal phalanx","Proximal epiphysis unfused",""
7,"PH1","Barcin Bone 2951",NA,NA,0,"Barcin","Bos taurus Linnaeus, 1758","proximal phalanx","Proximal epiphysis fused",""
8,"PH2","Barcin Bone 2952",NA,NA,0,"Barcin","Bos taurus Linnaeus, 1758","middle phalanx","Proximal epiphysis fused",""
8,"PH2","Barcin Bone 2953",31,8,0,"Barcin","Bos taurus Linnaeus, 1758","middle phalanx","Proximal epiphysis fused",""
7,"PH1","Barcin Bone 2954",NA,NA,1,"Barcin","Bos taurus Linnaeus, 1758","proximal phalanx","",""
8,"PH2","Barcin Bone 2955",NA,NA,1,"Barcin","Bos taurus Linnaeus, 1758","middle phalanx","",""
15,"Pel","Barcin Bone 2956",NA,NA,1,"Barcin","Bos taurus Linnaeus, 1758","innominate bone","",""
5,"Mtt_dist","Barcin Bone 2967",NA,NA,0,"Barcin","Bos taurus Linnaeus, 1758","metatarsal bone of digit 5; metatarsal bone of digit 2; fused metatarsal bones 3 and 4","","Distal epiphysis fused"
11,"Tib_dist","Barcin Bone 3000",NA,NA,0,"Barcin","Bos taurus Linnaeus, 1758","tibia","","Distal epiphysis fused"
18,"Uln","Barcin Bone 3001",NA,NA,0,"Barcin","Bos taurus Linnaeus, 1758","ulna","Proximal epiphysis fused",""
16,"Sca","Barcin Bone 3002",NA,NA,1,"Barcin","Bos taurus Linnaeus, 1758","scapula","",""
6,"Mtt_prox","Barcin Bone 3003",NA,NA,1,"Barcin","Bos taurus Linnaeus, 1758","metatarsal bone of digit 5; metatarsal bone of digit 2; fused metatarsal bones 3 and 4","",""
15,"Pel","Barcin Bone 3018",NA,NA,1,"Barcin","Bos taurus Linnaeus, 1758","innominate bone","",""
4,"Mtc_prox","Barcin Bone 3019",NA,NA,1,"Barcin","Bos taurus Linnaeus, 1758","fused metacarpal bones 3 and 4; metacarpal bone of digit 3; metacarpal bone of digit 4; metacarpal bone of digit 5","",""
5,"Mtt_dist","Barcin Bone 3020",NA,NA,1,"Barcin","Bos taurus Linnaeus, 1758","metatarsal bone of digit 5; metatarsal bone of digit 2; fused metatarsal bones 3 and 4","","Distal epiphysis unfused"
6,"Mtt_prox","Barcin Bone 3021",NA,NA,1,"Barcin","Bos taurus Linnaeus, 1758","metatarsal bone of digit 5; metatarsal bone of digit 2; fused metatarsal bones 3 and 4","",""
4,"Mtc_prox","Barcin Bone 3022",NA,NA,1,"Barcin","Bos taurus Linnaeus, 1758","fused metacarpal bones 3 and 4; metacarpal bone of digit 3; metacarpal bone of digit 4; metacarpal bone of digit 5","",""
7,"PH1","Barcin Bone 3047",NA,NA,0,"Barcin","Bos taurus Linnaeus, 1758","proximal phalanx","Proximal epiphysis fused",""
6,"Mtt_prox","Barcin Bone 3052",NA,NA,1,"Barcin","Bos taurus Linnaeus, 1758","metatarsal bone of digit 5; metatarsal bone of digit 2; fused metatarsal bones 3 and 4","",""
7,"PH1","Barcin Bone 3053",NA,NA,1,"Barcin","Bos taurus Linnaeus, 1758","proximal phalanx","",""
8,"PH2","Barcin Bone 3054",NA,NA,1,"Barcin","Bos taurus Linnaeus, 1758","middle phalanx","",""
4,"Mtc_prox","Barcin Bone 3073",NA,NA,1,"Barcin","Bos taurus Linnaeus, 1758","fused metacarpal bones 3 and 4; metacarpal bone of digit 3; metacarpal bone of digit 4; metacarpal bone of digit 5","",""
11,"Tib_dist","Barcin Bone 3074",NA,NA,1,"Barcin","Bos taurus Linnaeus, 1758","tibia","",""
11,"Tib_dist","Barcin Bone 3105",NA,NA,1,"Barcin","Bos taurus Linnaeus, 1758","tibia","",""
7,"PH1","Barcin Bone 3106",NA,NA,0,"Barcin","Bos taurus Linnaeus, 1758","proximal phalanx","Proximal epiphysis fused",""
8,"PH2","Barcin Bone 3107",34,8,1,"Barcin","Bos taurus Linnaeus, 1758","middle phalanx","Proximal epiphysis unfused",""
7,"PH1","Barcin Bone 3108",NA,NA,1,"Barcin","Bos taurus Linnaeus, 1758","proximal phalanx","Proximal epiphysis unfused",""
11,"Tib_dist","Barcin Bone 3156",NA,NA,0,"Barcin","Bos taurus Linnaeus, 1758","tibia","","Distal epiphysis fused"
14,"Hum","Barcin Bone 3165",NA,NA,1,"Barcin","Bos taurus Linnaeus, 1758","humerus","","Distal epiphysis unfused"
9,"Rad_dist","Barcin Bone 3166",NA,NA,1,"Barcin","Bos taurus Linnaeus, 1758","radius bone","","Distal epiphysis unfused"
15,"Pel","Barcin Bone 3203",NA,NA,1,"Barcin","Bos taurus Linnaeus, 1758","innominate bone","",""
16,"Sca","Barcin Bone 3204",NA,NA,1,"Barcin","Bos taurus Linnaeus, 1758","scapula","",""
2,"Cal","Barcin Bone 3221",NA,NA,1,"Barcin","Bos taurus Linnaeus, 1758","calcaneus","",""
15,"Pel","Barcin Bone 3231",NA,NA,1,"Barcin","Bos taurus Linnaeus, 1758","innominate bone","",""
10,"Rad_prox","Barcin Bone 3233",NA,NA,1,"Barcin","Bos taurus Linnaeus, 1758","radius bone","Proximal epiphysis fused",""
7,"PH1","Barcin Bone 3234",NA,NA,0,"Barcin","Bos taurus Linnaeus, 1758","proximal phalanx","Proximal epiphysis fused",""
8,"PH2","Barcin Bone 3237",36,8,1,"Barcin","Bos taurus Linnaeus, 1758","middle phalanx","Proximal epiphysis unfused",""
7,"PH1","Barcin Bone 3241",37,7,1,"Barcin","Bos taurus Linnaeus, 1758","proximal phalanx","Proximal epiphysis unfused",""
16,"Sca","Barcin Bone 3242",NA,NA,1,"Barcin","Bos taurus Linnaeus, 1758","scapula","","Distal epiphysis fused"
14,"Hum","Barcin Bone 3243",NA,NA,0,"Barcin","Bos taurus Linnaeus, 1758","humerus","Proximal epiphysis fused",""
6,"Mtt_prox","Barcin Bone 3245",NA,NA,1,"Barcin","Bos taurus Linnaeus, 1758","metatarsal bone of digit 5; metatarsal bone of digit 2; fused metatarsal bones 3 and 4","",""
16,"Sca","Barcin Bone 3285",NA,NA,1,"Barcin","Bos taurus Linnaeus, 1758","scapula","","Distal epiphysis fused"
11,"Tib_dist","Barcin Bone 3286",NA,NA,0,"Barcin","Bos taurus Linnaeus, 1758","tibia","","Distal epiphysis fused"
6,"Mtt_prox","Barcin Bone 3287",NA,NA,1,"Barcin","Bos taurus Linnaeus, 1758","metatarsal bone of digit 5; metatarsal bone of digit 2; fused metatarsal bones 3 and 4","",""
8,"PH2","Barcin Bone 3288",NA,NA,1,"Barcin","Bos taurus Linnaeus, 1758","middle phalanx","",""
8,"PH2","Barcin Bone 3289",NA,NA,1,"Barcin","Bos taurus Linnaeus, 1758","middle phalanx","",""
6,"Mtt_prox","Barcin Bone 3290",NA,NA,1,"Barcin","Bos taurus Linnaeus, 1758","metatarsal bone of digit 5; metatarsal bone of digit 2; fused metatarsal bones 3 and 4","",""
2,"Cal","Barcin Bone 3297",NA,NA,1,"Barcin","Bos taurus Linnaeus, 1758","calcaneus","",""
5,"Mtt_dist","Barcin Bone 3302",NA,NA,1,"Barcin","Bos taurus Linnaeus, 1758","metatarsal bone of digit 5; metatarsal bone of digit 2; fused metatarsal bones 3 and 4","","Distal epiphysis unfused"
11,"Tib_dist","Barcin Bone 3314",NA,NA,1,"Barcin","Bos taurus Linnaeus, 1758","tibia","",""
3,"Mtc_dist","Barcin Bone 3401",NA,NA,0,"Barcin","Bos taurus Linnaeus, 1758","fused metacarpal bones 3 and 4; metacarpal bone of digit 3; metacarpal bone of digit 4; metacarpal bone of digit 5","","Distal epiphysis fused"
5,"Mtt_dist","Barcin Bone 3406",38,5,0,"Barcin","Bos taurus Linnaeus, 1758","metatarsal bone of digit 5; metatarsal bone of digit 2; fused metatarsal bones 3 and 4","","Distal epiphysis fused"
7,"PH1","Barcin Bone 3413",39,7,0,"Barcin","Bos taurus Linnaeus, 1758","proximal phalanx","Proximal epiphysis fused",""
7,"PH1","Barcin Bone 3414",40,7,1,"Barcin","Bos taurus Linnaeus, 1758","proximal phalanx","Proximal epiphysis unfused",""
14,"Hum","Barcin Bone 3438",NA,NA,1,"Barcin","Bos taurus Linnaeus, 1758","humerus","","Distal epiphysis unfused"
14,"Hum","Barcin Bone 3439",NA,NA,1,"Barcin","Bos taurus Linnaeus, 1758","humerus","","Distal epiphysis fused"
17,"Tib_prox","Barcin Bone 3440",NA,NA,1,"Barcin","Bos taurus Linnaeus, 1758","tibia","Proximal epiphysis unfused",""
2,"Cal","Barcin Bone 3442",41,2,1,"Barcin","Bos taurus Linnaeus, 1758","calcaneus","Proximal epiphysis unfused",""
2,"Cal","Barcin Bone 3443",NA,NA,1,"Barcin","Bos taurus Linnaeus, 1758","calcaneus","",""
4,"Mtc_prox","Barcin Bone 3444",NA,NA,1,"Barcin","Bos taurus Linnaeus, 1758","fused metacarpal bones 3 and 4; metacarpal bone of digit 3; metacarpal bone of digit 4; metacarpal bone of digit 5","",""
7,"PH1","Barcin Bone 3445",42,7,0,"Barcin","Bos taurus Linnaeus, 1758","proximal phalanx","Proximal epiphysis fused",""
15,"Pel","Barcin Bone 3446",NA,NA,1,"Barcin","Bos taurus Linnaeus, 1758","innominate bone","",""
4,"Mtc_prox","Barcin Bone 3472",NA,NA,1,"Barcin","Bos taurus Linnaeus, 1758","fused metacarpal bones 3 and 4; metacarpal bone of digit 3; metacarpal bone of digit 4; metacarpal bone of digit 5","",""
4,"Mtc_prox","Barcin Bone 3473",NA,NA,1,"Barcin","Bos taurus Linnaeus, 1758","fused metacarpal bones 3 and 4; metacarpal bone of digit 3; metacarpal bone of digit 4; metacarpal bone of digit 5","",""
7,"PH1","Barcin Bone 3475",NA,NA,1,"Barcin","Bos taurus Linnaeus, 1758","proximal phalanx","",""
15,"Pel","Barcin Bone 3480",NA,NA,1,"Barcin","Bos taurus Linnaeus, 1758","innominate bone","",""
8,"PH2","Barcin Bone 3499",43,8,0,"Barcin","Bos taurus Linnaeus, 1758","middle phalanx","Proximal epiphysis fused",""
15,"Pel","Barcin Bone 3508",NA,NA,1,"Barcin","Bos taurus Linnaeus, 1758","innominate bone","",""
15,"Pel","Barcin Bone 3509",NA,NA,1,"Barcin","Bos taurus Linnaeus, 1758","innominate bone","",""
6,"Mtt_prox","Barcin Bone 3527",NA,NA,1,"Barcin","Bos taurus Linnaeus, 1758","metatarsal bone of digit 5; metatarsal bone of digit 2; fused metatarsal bones 3 and 4","",""
15,"Pel","Barcin Bone 3528",NA,NA,1,"Barcin","Bos taurus Linnaeus, 1758","innominate bone","",""
7,"PH1","Barcin Bone 3537",NA,NA,1,"Barcin","Bos taurus Linnaeus, 1758","proximal phalanx","Proximal epiphysis unfused",""
14,"Hum","Barcin Bone 3555",NA,NA,1,"Barcin","Bos taurus Linnaeus, 1758","humerus","","Distal epiphysis fused"
14,"Hum","Barcin Bone 3556",NA,NA,1,"Barcin","Bos taurus Linnaeus, 1758","humerus","","Distal epiphysis fused"
11,"Tib_dist","Barcin Bone 3557",NA,NA,0,"Barcin","Bos taurus Linnaeus, 1758","tibia","","Distal epiphysis fused"
17,"Tib_prox","Barcin Bone 3558",NA,NA,1,"Barcin","Bos taurus Linnaeus, 1758","tibia","Proximal epiphysis unfused",""
6,"Mtt_prox","Barcin Bone 3563",45,6,1,"Barcin","Bos taurus Linnaeus, 1758","metatarsal bone of digit 5; metatarsal bone of digit 2; fused metatarsal bones 3 and 4","",""
5,"Mtt_dist","Barcin Bone 3564",46,5,0,"Barcin","Bos taurus Linnaeus, 1758","metatarsal bone of digit 5; metatarsal bone of digit 2; fused metatarsal bones 3 and 4","","Distal epiphysis fused"
5,"Mtt_dist","Barcin Bone 3565",NA,NA,1,"Barcin","Bos taurus Linnaeus, 1758","metatarsal bone of digit 5; metatarsal bone of digit 2; fused metatarsal bones 3 and 4","","Distal epiphysis unfused"
5,"Mtt_dist","Barcin Bone 3566",NA,NA,1,"Barcin","Bos taurus Linnaeus, 1758","metatarsal bone of digit 5; metatarsal bone of digit 2; fused metatarsal bones 3 and 4","","Distal epiphysis unfused"
2,"Cal","Barcin Bone 3567",47,2,1,"Barcin","Bos taurus Linnaeus, 1758","calcaneus","",""
15,"Pel","Barcin Bone 3568",NA,NA,1,"Barcin","Bos taurus Linnaeus, 1758","innominate bone","",""
6,"Mtt_prox","Barcin Bone 3602",NA,NA,1,"Barcin","Bos taurus Linnaeus, 1758","metatarsal bone of digit 5; metatarsal bone of digit 2; fused metatarsal bones 3 and 4","",""
7,"PH1","Barcin Bone 3603",48,7,1,"Barcin","Bos taurus Linnaeus, 1758","proximal phalanx","Proximal epiphysis unfused",""
8,"PH2","Barcin Bone 3604",NA,NA,1,"Barcin","Bos taurus Linnaeus, 1758","middle phalanx","",""
15,"Pel","Barcin Bone 3605",NA,NA,1,"Barcin","Bos taurus Linnaeus, 1758","innominate bone","",""
16,"Sca","Barcin Bone 3609",NA,NA,1,"Barcin","Bos taurus Linnaeus, 1758","scapula","","Distal epiphysis unfused"
7,"PH1","Barcin Bone 3627",49,7,1,"Barcin","Bos taurus Linnaeus, 1758","proximal phalanx","",""
7,"PH1","Barcin Bone 3628",NA,NA,1,"Barcin","Bos taurus Linnaeus, 1758","proximal phalanx","",""
8,"PH2","Barcin Bone 3629",50,8,1,"Barcin","Bos taurus Linnaeus, 1758","middle phalanx","",""
8,"PH2","Barcin Bone 3630",NA,NA,1,"Barcin","Bos taurus Linnaeus, 1758","middle phalanx","",""
16,"Sca","Barcin Bone 3631",NA,NA,1,"Barcin","Bos taurus Linnaeus, 1758","scapula","",""
13,"Fem_prox","Barcin Bone 3633",NA,NA,1,"Barcin","Bos taurus Linnaeus, 1758","femur","",""
16,"Sca","Barcin Bone 3639",NA,NA,1,"Barcin","Bos taurus Linnaeus, 1758","scapula","","Distal epiphysis unfused"
2,"Cal","Barcin Bone 3646",51,2,0,"Barcin","Bos taurus Linnaeus, 1758","calcaneus","Proximal epiphysis fused",""
7,"PH1","Barcin Bone 3650",NA,NA,0,"Barcin","Bos taurus Linnaeus, 1758","proximal phalanx","Proximal epiphysis fused",""
8,"PH2","Barcin Bone 3651",52,8,0,"Barcin","Bos taurus Linnaeus, 1758","middle phalanx","Proximal epiphysis fused",""
14,"Hum","Barcin Bone 3652",NA,NA,1,"Barcin","Bos taurus Linnaeus, 1758","humerus","","Distal epiphysis fused"
2,"Cal","Barcin Bone 3671",NA,NA,0,"Barcin","Bos taurus Linnaeus, 1758","calcaneus","Proximal epiphysis fused",""
5,"Mtt_dist","Barcin Bone 3673",NA,NA,1,"Barcin","Bos taurus Linnaeus, 1758","metatarsal bone of digit 5; metatarsal bone of digit 2; fused metatarsal bones 3 and 4","","Distal epiphysis unfused"
12,"Fem_dist","Barcin Bone 3680",NA,NA,0,"Barcin","Bos taurus Linnaeus, 1758","femur","","Distal epiphysis fused"
18,"Uln","Barcin Bone 3681",NA,NA,0,"Barcin","Bos taurus Linnaeus, 1758","ulna","Proximal epiphysis fused",""
13,"Fem_prox","Barcin Bone 3720",NA,NA,1,"Barcin","Bos taurus Linnaeus, 1758","femur","",""
13,"Fem_prox","Barcin Bone 3737",NA,NA,1,"Barcin","Bos taurus Linnaeus, 1758","femur","",""
